{"cameraMode":{"drawMode":0,"name":"Shaded","section":"Shading Mode"},"sceneLighting":true,"audioPlay":false,"sceneViewState":{"m_AlwaysRefresh":false,"showFog":true,"showSkybox":true,"showFlares":true,"showImageEffects":true,"showParticleSystems":true,"showVisualEffectGraphs":true,"m_FxEnabled":true},"in2DMode":false,"pivot":{"x":2.5980031490325929,"y":0.5224470496177673,"z":4.4996490478515629},"rotation":{"x":0.16356289386749268,"y":-0.8019481301307678,"z":0.2546774446964264,"w":0.5150405764579773},"size":11.192028999328614,"orthographic":true}