{"cameraMode":{"drawMode":0,"name":"Shaded","section":"Shading Mode"},"sceneLighting":false,"audioPlay":false,"sceneViewState":{"m_AlwaysRefresh":false,"showFog":true,"showSkybox":false,"showFlares":true,"showImageEffects":true,"showParticleSystems":true,"showVisualEffectGraphs":true,"m_FxEnabled":true},"in2DMode":false,"pivot":{"x":-0.0045465826988220219,"y":0.39198166131973269,"z":0.01596534252166748},"rotation":{"x":0.07555972784757614,"y":0.833468496799469,"z":-0.1177854984998703,"w":0.5345738530158997},"size":1.4747217893600464,"orthographic":true}