{"cameraMode":{"drawMode":0,"name":"Shaded","section":"Shading Mode"},"sceneLighting":false,"audioPlay":false,"sceneViewState":{"m_AlwaysRefresh":false,"showFog":true,"showSkybox":false,"showFlares":true,"showImageEffects":true,"showParticleSystems":true,"showVisualEffectGraphs":true,"m_FxEnabled":true},"in2DMode":false,"pivot":{"x":-1.240422248840332,"y":-1.7561421394348145,"z":-0.011326450854539872},"rotation":{"x":0.4030528962612152,"y":0.07672199606895447,"z":-0.03397265076637268,"w":0.9113551378250122},"size":5.037118911743164,"orthographic":true}