{"cameraMode":{"drawMode":0,"name":"Shaded","section":"Shading Mode"},"sceneLighting":false,"audioPlay":false,"sceneViewState":{"m_AlwaysRefresh":false,"showFog":true,"showSkybox":false,"showFlares":true,"showImageEffects":true,"showParticleSystems":true,"showVisualEffectGraphs":true,"m_FxEnabled":true},"in2DMode":false,"pivot":{"x":-0.001707911491394043,"y":0.4017457962036133,"z":0.16542357206344605},"rotation":{"x":0.07555972784757614,"y":0.833468496799469,"z":-0.1177854984998703,"w":0.5345738530158997},"size":0.8651235103607178,"orthographic":true}