{"cameraMode":{"drawMode":0,"name":"Shaded","section":"Shading Mode"},"sceneLighting":false,"audioPlay":false,"sceneViewState":{"m_AlwaysRefresh":false,"showFog":true,"showSkybox":false,"showFlares":true,"showImageEffects":true,"showParticleSystems":true,"showVisualEffectGraphs":true,"m_FxEnabled":true},"in2DMode":false,"pivot":{"x":-0.0005452632904052734,"y":0.49837809801101687,"z":0.0006275773048400879},"rotation":{"x":0.04906954616308212,"y":0.8355624675750732,"z":-0.5419548153877258,"w":0.07565417140722275},"size":1.3162262439727784,"orthographic":true}