{"cameraMode":{"drawMode":0,"name":"Shaded","section":"Shading Mode"},"sceneLighting":false,"audioPlay":false,"sceneViewState":{"m_AlwaysRefresh":false,"showFog":true,"showSkybox":false,"showFlares":true,"showImageEffects":true,"showParticleSystems":true,"showVisualEffectGraphs":true,"m_FxEnabled":true},"in2DMode":false,"pivot":{"x":-0.0016390085220336915,"y":0.5354281663894653,"z":0.008873939514160157},"rotation":{"x":0.012896845117211342,"y":-0.010498988442122937,"z":0.00013553928874898702,"w":0.9998635053634644},"size":2.0580265522003176,"orthographic":true}